id,type,name,status,description,epic
1,TASK,model.Task1,NEW,TaskDesc1, 
2,TASK,model.Task2,NEW,TaskDesc2, 
3,TASK,model.Task3,NEW,TaskDesc3, 
4,TASK,model.Task4,NEW,TaskDesc4, 
5,TASK,model.Task5,NEW,TaskDesc5, 
6,TASK,model.Task6,NEW,TaskDesc6, 
7,TASK,model.Task7,NEW,TaskDesc7, 
8,TASK,model.Task8,NEW,TaskDesc8, 
9,TASK,model.Task9,NEW,TaskDesc9, 
10,TASK,model.Task10,NEW,TaskDesc10, 
17,SUBTASK,SubTask11,NEW,SubTaskDesc11,11
18,SUBTASK,SubTask12,NEW,SubTaskDesc12,12
19,SUBTASK,SubTask13,NEW,SubTaskDesc13,13
20,SUBTASK,SubTask14,NEW,SubTaskDesc14,14
21,SUBTASK,SubTask15,NEW,SubTaskDesc15,15
22,SUBTASK,SubTask16,NEW,SubTaskDesc16,16
16,EPIC,model.Epic16,NEW,EpicDesc16, 
11,EPIC,model.Epic11,NEW,EpicDesc11, 
12,EPIC,model.Epic12,NEW,EpicDesc12, 
13,EPIC,model.Epic13,NEW,EpicDesc13, 
14,EPIC,model.Epic14,NEW,EpicDesc14, 
15,EPIC,model.Epic15,NEW,EpicDesc15, 

